Company Name,Website
Ceres Imaging,https://www.ceresimaging.net
PrecisionHawk,https://www.precisionhawk.com
Farmonaut,https://farmonaut.com
Birds Eye Aerial Drones,https://birdseyeaerialdrones.com
UAV-IQ,https://www.uaviq.com
Pollen Systems,https://www.pollensystems.com
Agremo,https://www.agremo.com
Orbital Insight,https://www.orbitalinsight.com
DroneDeploy,https://www.dronedeploy.com
Equinox Drones,https://equinoxsdrones.com
FlyPix AI,https://flypix.ai
AgEagle Aerial Systems,https://www.ag-eagle.com
Indigo Agriculture / TellusLabs,https://www.indigoag.com
Pixxel,https://pixxel.space
